{"cameraMode":{"drawMode":0,"name":"Shaded","section":"Shading Mode"},"sceneLighting":true,"audioPlay":false,"sceneViewState":{"m_AlwaysRefresh":false,"showFog":true,"showSkybox":true,"showFlares":true,"showImageEffects":true,"showParticleSystems":true,"showVisualEffectGraphs":true,"m_FxEnabled":true},"in2DMode":false,"pivot":{"x":-0.4362541437149048,"y":2.5937399864196779,"z":-0.35002946853637698},"rotation":{"x":-0.07463332265615463,"y":0.8808852434158325,"z":-0.14831797778606416,"w":-0.4432559013366699},"size":54.39054870605469,"orthographic":false}