{"cameraMode":{"drawMode":0,"name":"Shaded","section":"Shading Mode"},"sceneLighting":true,"audioPlay":false,"sceneViewState":{"showFog":true,"showMaterialUpdate":false,"showSkybox":true,"showFlares":true,"showImageEffects":true,"showParticleSystems":true},"in2DMode":false,"pivot":{"x":-0.8401066064834595,"y":1.81748628616333,"z":0.9305846095085144},"rotation":{"x":-0.07227940857410431,"y":0.5956379771232605,"z":-0.053938549011945727,"w":-0.7981742024421692},"size":2.7911791801452638,"orthographic":false}